step,ambiguous_frac
0,0.00000000
1,0.06736842
2,0.06136842
3,0.04726316
4,0.03957895
5,0.03789474
6,0.03926316
7,0.04010526
8,0.04210526
9,0.04357895
10,0.04463158
11,0.04536842
12,0.04494737
13,0.04621053
14,0.04631579
15,0.04789474
16,0.04821053
17,0.04905263
18,0.04915789
19,0.05031579
20,0.04684211
21,0.04505263
22,0.04515789
23,0.04652632
24,0.04757895
25,0.04884211
26,0.04852632
27,0.04736842
28,0.04568421
29,0.04526316
30,0.04421053
31,0.04663158
32,0.04473684
33,0.04631579
34,0.04631579
35,0.04715789
36,0.04884211
37,0.04905263
38,0.04894737
39,0.04989474
40,0.04894737
41,0.04863158
42,0.04957895
43,0.04968421
44,0.04884211
45,0.04926316
46,0.04957895
47,0.04863158
48,0.04736842
49,0.04526316
50,0.04642105
51,0.04705263
52,0.04726316
53,0.04747368
54,0.04600000
55,0.04642105
56,0.04726316
57,0.04726316
58,0.04663158
59,0.04621053
60,0.04642105
61,0.04747368
62,0.04747368
63,0.04757895
64,0.04610526
65,0.04610526
66,0.04610526
67,0.04621053
68,0.04568421
69,0.04642105
70,0.04673684
71,0.04663158
72,0.04778947
73,0.04726316
74,0.04757895
75,0.04778947
76,0.04726316
77,0.04642105
78,0.04726316
79,0.04747368
80,0.04705263
81,0.04610526
82,0.04642105
83,0.04578947
84,0.04578947
85,0.04357895
86,0.04284211
87,0.04252632
88,0.04294737
89,0.04347368
90,0.04442105
91,0.04357895
92,0.04442105
93,0.04442105
94,0.04494737
95,0.04442105
96,0.04515789
97,0.04536842
98,0.04515789
99,0.04526316
100,0.04621053
101,0.04684211
102,0.04631579
103,0.04631579
104,0.04768421
105,0.04852632
106,0.04736842
107,0.04842105
108,0.04936842
109,0.04957895
110,0.05042105
111,0.04957895
112,0.05063158
113,0.05147368
114,0.05305263
115,0.05284211
116,0.05221053
117,0.05115789
118,0.05221053
119,0.05357895
120,0.05515789
121,0.05578947
122,0.05557895
123,0.05400000
124,0.05336842
125,0.05368421
126,0.05389474
127,0.05494737
128,0.05526316
129,0.05410526
130,0.05126316
131,0.05021053
132,0.05000000
133,0.04884211
134,0.04757895
135,0.04726316
136,0.04610526
137,0.04684211
138,0.04726316
139,0.04726316
140,0.04831579
141,0.04842105
142,0.04821053
143,0.04778947
144,0.04873684
145,0.04978947
146,0.04684211
147,0.04547368
148,0.04515789
149,0.04473684
150,0.04315789
151,0.04315789
152,0.04326316
153,0.04273684
154,0.04189474
155,0.04105263
156,0.04000000
157,0.04126316
158,0.04105263
159,0.04126316
160,0.03978947
161,0.04052632
162,0.04000000
163,0.04031579
164,0.04031579
165,0.04031579
166,0.03978947
167,0.03884211
168,0.03915789
169,0.03873684
170,0.03926316
171,0.03947368
172,0.03905263
173,0.03968421
174,0.03947368
175,0.03968421
176,0.03926316
177,0.03978947
178,0.03978947
179,0.04021053
180,0.04021053
181,0.03978947
182,0.04042105
183,0.04115789
184,0.04115789
185,0.04052632
186,0.04094737
187,0.04168421
188,0.04105263
189,0.04168421
190,0.04178947
191,0.04031579
192,0.04042105
193,0.04031579
194,0.04042105
195,0.03957895
196,0.04052632
197,0.04010526
198,0.04115789
199,0.04200000
200,0.04200000
201,0.04242105
202,0.04178947
203,0.04284211
204,0.04231579
205,0.04273684
206,0.04410526
207,0.04389474
208,0.04368421
209,0.04431579
210,0.04452632
211,0.04410526
212,0.04515789
213,0.04557895
214,0.04526316
215,0.04463158
216,0.04536842
217,0.04547368
218,0.04463158
219,0.04442105
220,0.04505263
221,0.04515789
222,0.04378947
223,0.04315789
224,0.04284211
225,0.04273684
226,0.04347368
227,0.04284211
228,0.04347368
229,0.04315789
230,0.04378947
231,0.04421053
232,0.04378947
233,0.04347368
234,0.04200000
235,0.04273684
236,0.04326316
237,0.04305263
238,0.04157895
239,0.04157895
240,0.04210526
241,0.04263158
242,0.04189474
243,0.04115789
244,0.04084211
245,0.04073684
246,0.04063158
247,0.04052632
248,0.04042105
249,0.04042105
250,0.04042105
251,0.04042105
252,0.04042105
253,0.04042105
254,0.04042105
255,0.04042105
256,0.04042105
257,0.04042105
258,0.04042105
259,0.04031579
260,0.04010526
261,0.03989474
262,0.03978947
263,0.03978947
264,0.03978947
265,0.03978947
266,0.03957895
267,0.03957895
268,0.03957895
269,0.03915789
270,0.03821053
271,0.03821053
272,0.03810526
273,0.03789474
274,0.03789474
275,0.03789474
276,0.03789474
277,0.03789474
278,0.03789474
279,0.03789474
280,0.03789474
281,0.03789474
282,0.03789474
283,0.03789474
284,0.03778947
285,0.03778947
286,0.03757895
287,0.03757895
288,0.03757895
289,0.03757895
290,0.03757895
291,0.03757895
292,0.03757895
293,0.03757895
294,0.03757895
295,0.03757895
296,0.03757895
297,0.03757895
298,0.03757895
299,0.03757895
300,0.03757895
301,0.03757895
302,0.03757895
303,0.03757895
304,0.03757895
305,0.03757895
306,0.03757895
307,0.03757895
308,0.03768421
309,0.03789474
310,0.03810526
311,0.03789474
312,0.03789474
313,0.03789474
314,0.03768421
315,0.03747368
316,0.03852632
317,0.03831579
318,0.03905263
319,0.03926316
320,0.04000000
321,0.04010526
322,0.03978947
323,0.04031579
324,0.04010526
325,0.03989474
326,0.03989474
327,0.04010526
328,0.04042105
329,0.04052632
330,0.04021053
331,0.04084211
332,0.04031579
333,0.04031579
334,0.04031579
335,0.03989474
336,0.03978947
337,0.03989474
338,0.03936842
339,0.03936842
340,0.03905263
341,0.03894737
342,0.03873684
343,0.03873684
344,0.03873684
345,0.03873684
346,0.03863158
347,0.03842105
348,0.03831579
349,0.03821053
350,0.03800000
351,0.03821053
352,0.03821053
353,0.03810526
354,0.03789474
355,0.03789474
356,0.03768421
357,0.03747368
358,0.03705263
359,0.03642105
360,0.03610526
361,0.03600000
362,0.03600000
363,0.03600000
364,0.03621053
365,0.03631579
366,0.03589474
367,0.03536842
368,0.03526316
369,0.03568421
370,0.03557895
371,0.03589474
372,0.03568421
373,0.03526316
374,0.03526316
375,0.03526316
376,0.03557895
377,0.03578947
378,0.03610526
379,0.03568421
380,0.03536842
381,0.03568421
382,0.03568421
383,0.03568421
384,0.03557895
385,0.03547368
386,0.03547368
387,0.03536842
388,0.03578947
389,0.03642105
390,0.03610526
391,0.03600000
392,0.03557895
393,0.03589474
394,0.03568421
395,0.03536842
396,0.03536842
397,0.03536842
398,0.03578947
399,0.03578947
400,0.03568421
401,0.03568421
402,0.03568421
403,0.03578947
404,0.03578947
405,0.03621053
406,0.03578947
407,0.03547368
408,0.03547368
409,0.03547368
410,0.03547368
411,0.03557895
412,0.03568421
413,0.03557895
414,0.03557895
415,0.03557895
416,0.03557895
417,0.03536842
418,0.03557895
419,0.03589474
420,0.03610526
421,0.03547368
422,0.03557895
423,0.03484211
424,0.03442105
425,0.03400000
426,0.03442105
427,0.03421053
428,0.03378947
429,0.03347368
430,0.03421053
431,0.03431579
432,0.03336842
433,0.03231579
434,0.03284211
435,0.03389474
436,0.03494737
437,0.03421053
438,0.03315789
439,0.03273684
440,0.03263158
441,0.03242105
442,0.03221053
443,0.03221053
444,0.03273684
445,0.03273684
446,0.03210526
447,0.03221053
448,0.03221053
449,0.03200000
450,0.03221053
451,0.03210526
452,0.03210526
453,0.03210526
454,0.03200000
455,0.03178947
456,0.03157895
457,0.03157895
458,0.03157895
459,0.03157895
460,0.03157895
461,0.03157895
462,0.03157895
463,0.03157895
464,0.03157895
465,0.03157895
466,0.03157895
467,0.03157895
468,0.03157895
469,0.03094737
470,0.03189474
471,0.03252632
472,0.03315789
473,0.03252632
474,0.03273684
475,0.03336842
476,0.03326316
477,0.03221053
478,0.03147368
479,0.03115789
480,0.03094737
481,0.03084211
482,0.03063158
483,0.03042105
484,0.02957895
485,0.02894737
486,0.02873684
487,0.02905263
488,0.02915789
489,0.03010526
490,0.03147368
491,0.03157895
492,0.03168421
493,0.03210526
494,0.03094737
495,0.03000000
496,0.03178947
497,0.03189474
498,0.03115789
499,0.02831579
500,0.02757895
501,0.02631579
502,0.02621053
503,0.02610526
504,0.02547368
505,0.02526316
506,0.02515789
507,0.02473684
508,0.02442105
509,0.02421053
510,0.02410526
511,0.02378947
512,0.02347368
513,0.02326316
514,0.02326316
515,0.02326316
516,0.02326316
517,0.02326316
518,0.02326316
519,0.02315789
520,0.02284211
521,0.02252632
522,0.02273684
523,0.02252632
524,0.02231579
525,0.02200000
526,0.02200000
527,0.02178947
528,0.02168421
529,0.02157895
530,0.02157895
531,0.02136842
532,0.02063158
533,0.02063158
534,0.02021053
535,0.02000000
536,0.01989474
537,0.01978947
538,0.01968421
539,0.01957895
540,0.01936842
541,0.01905263
542,0.01884211
543,0.01863158
544,0.01863158
545,0.01831579
546,0.01810526
547,0.01810526
548,0.01810526
549,0.01810526
550,0.01810526
551,0.01810526
552,0.01810526
553,0.01810526
554,0.01810526
555,0.01810526
556,0.01810526
557,0.01810526
558,0.01810526
559,0.01810526
560,0.01810526
561,0.01810526
562,0.01810526
563,0.01810526
564,0.01810526
565,0.01810526
566,0.01810526
567,0.01810526
568,0.01810526
569,0.01810526
570,0.01810526
571,0.01810526
572,0.01810526
573,0.01810526
574,0.01810526
575,0.01810526
576,0.01810526
577,0.01810526
578,0.01810526
579,0.01810526
580,0.01810526
581,0.01810526
582,0.01800000
583,0.01800000
584,0.01800000
585,0.01800000
586,0.01789474
587,0.01789474
588,0.01789474
589,0.01778947
590,0.01778947
591,0.01768421
592,0.01831579
593,0.01884211
594,0.01905263
595,0.01821053
596,0.01800000
597,0.01778947
598,0.01757895
599,0.01789474
600,0.01831579
601,0.01894737
602,0.01831579
603,0.01831579
604,0.01852632
605,0.01894737
606,0.01842105
607,0.01810526
608,0.01810526
609,0.01810526
610,0.01821053
611,0.01831579
612,0.01842105
613,0.01842105
614,0.01842105
615,0.01842105
616,0.01842105
617,0.01842105
618,0.01842105
619,0.01842105
620,0.01842105
621,0.01842105
622,0.01842105
623,0.01842105
624,0.01842105
625,0.01842105
626,0.01842105
627,0.01842105
628,0.01842105
629,0.01842105
630,0.01842105
631,0.01842105
632,0.01842105
633,0.01842105
634,0.01842105
635,0.01842105
636,0.01842105
637,0.01842105
638,0.01842105
639,0.01842105
640,0.01842105
641,0.01842105
642,0.01842105
643,0.01842105
644,0.01842105
645,0.01842105
646,0.01842105
647,0.01842105
648,0.01842105
649,0.01842105
650,0.01842105
651,0.01842105
652,0.01842105
653,0.01842105
654,0.01842105
655,0.01842105
656,0.01842105
657,0.01842105
658,0.01842105
659,0.01842105
660,0.01842105
661,0.01842105
662,0.01842105
663,0.01842105
664,0.01842105
665,0.01842105
666,0.01842105
667,0.01842105
668,0.01842105
669,0.01842105
670,0.01842105
671,0.01842105
672,0.01842105
673,0.01842105
674,0.01842105
675,0.01842105
676,0.01842105
677,0.01842105
678,0.01873684
679,0.01905263
680,0.01915789
681,0.01936842
682,0.01936842
683,0.01957895
684,0.02000000
685,0.01968421
686,0.01968421
687,0.02021053
688,0.02063158
689,0.02010526
690,0.02021053
691,0.02084211
692,0.02115789
693,0.02042105
694,0.01968421
695,0.01926316
696,0.01894737
697,0.01915789
698,0.01894737
699,0.01873684
700,0.01863158
701,0.01852632
702,0.01810526
703,0.01842105
704,0.01852632
705,0.01863158
706,0.01842105
707,0.01831579
708,0.01831579
709,0.01821053
710,0.01778947
711,0.01726316
712,0.01652632
713,0.01578947
714,0.01557895
715,0.01547368
716,0.01526316
717,0.01505263
718,0.01494737
719,0.01494737
720,0.01494737
721,0.01494737
722,0.01494737
723,0.01494737
724,0.01494737
725,0.01494737
726,0.01494737
727,0.01494737
728,0.01494737
729,0.01494737
730,0.01494737
731,0.01494737
732,0.01494737
733,0.01494737
734,0.01494737
735,0.01494737
736,0.01494737
737,0.01494737
738,0.01494737
739,0.01494737
740,0.01494737
741,0.01494737
742,0.01494737
743,0.01494737
744,0.01494737
745,0.01494737
746,0.01494737
747,0.01494737
748,0.01494737
749,0.01494737
750,0.01494737
751,0.01473684
752,0.01463158
753,0.01463158
754,0.01463158
755,0.01463158
756,0.01463158
757,0.01463158
758,0.01463158
759,0.01463158
760,0.01463158
761,0.01463158
762,0.01442105
763,0.01431579
764,0.01410526
765,0.01389474
766,0.01336842
767,0.01273684
768,0.01305263
769,0.01368421
770,0.01421053
771,0.01431579
772,0.01431579
773,0.01431579
774,0.01431579
775,0.01431579
776,0.01421053
777,0.01421053
778,0.01421053
779,0.01421053
780,0.01410526
781,0.01410526
782,0.01336842
783,0.01421053
784,0.01389474
785,0.01378947
786,0.01378947
787,0.01389474
788,0.01431579
789,0.01421053
790,0.01442105
791,0.01378947
792,0.01410526
793,0.01389474
794,0.01421053
795,0.01400000
796,0.01484211
797,0.01536842
798,0.01557895
799,0.01505263
800,0.01557895
801,0.01557895
802,0.01610526
803,0.01568421
804,0.01600000
805,0.01557895
806,0.01631579
807,0.01684211
808,0.01642105
809,0.01705263
810,0.01705263
811,0.01726316
812,0.01747368
813,0.01715789
814,0.01789474
815,0.01800000
816,0.01800000
817,0.01778947
818,0.01852632
819,0.01873684
820,0.01915789
821,0.01863158
822,0.01894737
823,0.01873684
824,0.01947368
825,0.01947368
826,0.01978947
827,0.02021053
828,0.01978947
829,0.02010526
830,0.02000000
831,0.02021053
832,0.02010526
833,0.02052632
834,0.02021053
835,0.01978947
836,0.01989474
837,0.01989474
838,0.01978947
839,0.02031579
840,0.02115789
841,0.02105263
842,0.02136842
843,0.02084211
844,0.01968421
845,0.02073684
846,0.02105263
847,0.02063158
848,0.02094737
849,0.02084211
850,0.02084211
851,0.02084211
852,0.02063158
853,0.02063158
854,0.02042105
855,0.01936842
856,0.02000000
857,0.02042105
858,0.02105263
859,0.02073684
860,0.02073684
861,0.02063158
862,0.02021053
863,0.01915789
864,0.01884211
865,0.01978947
866,0.01989474
867,0.01936842
868,0.01915789
869,0.01968421
870,0.01978947
871,0.02000000
872,0.01926316
873,0.01884211
874,0.01842105
875,0.01873684
876,0.01863158
877,0.01810526
878,0.01757895
879,0.01705263
880,0.01663158
881,0.01621053
882,0.01578947
883,0.01547368
884,0.01536842
885,0.01536842
886,0.01536842
887,0.01536842
888,0.01536842
889,0.01536842
890,0.01536842
891,0.01536842
892,0.01536842
893,0.01536842
894,0.01536842
895,0.01536842
896,0.01536842
897,0.01536842
898,0.01536842
899,0.01536842
900,0.01536842
901,0.01536842
902,0.01536842
903,0.01536842
904,0.01536842
905,0.01536842
906,0.01536842
907,0.01536842
908,0.01536842
909,0.01536842
910,0.01536842
911,0.01536842
912,0.01536842
913,0.01536842
914,0.01536842
915,0.01536842
916,0.01557895
917,0.01505263
918,0.01473684
919,0.01484211
920,0.01484211
921,0.01473684
922,0.01421053
923,0.01389474
924,0.01421053
925,0.01484211
926,0.01400000
927,0.01368421
928,0.01368421
929,0.01368421
930,0.01368421
931,0.01368421
932,0.01368421
933,0.01368421
934,0.01368421
935,0.01368421
936,0.01368421
937,0.01368421
938,0.01368421
939,0.01368421
940,0.01368421
941,0.01368421
942,0.01368421
943,0.01368421
944,0.01368421
945,0.01368421
946,0.01368421
947,0.01368421
948,0.01368421
949,0.01368421
950,0.01368421
951,0.01368421
952,0.01368421
953,0.01368421
954,0.01368421
955,0.01368421
956,0.01368421
957,0.01368421
958,0.01368421
959,0.01368421
960,0.01368421
961,0.01368421
962,0.01368421
963,0.01368421
964,0.01368421
965,0.01368421
966,0.01368421
967,0.01368421
968,0.01368421
969,0.01368421
970,0.01368421
971,0.01368421
972,0.01368421
973,0.01368421
974,0.01368421
975,0.01368421
976,0.01368421
977,0.01368421
978,0.01368421
979,0.01368421
980,0.01368421
981,0.01368421
982,0.01368421
983,0.01368421
984,0.01368421
985,0.01368421
986,0.01368421
987,0.01368421
988,0.01368421
989,0.01368421
990,0.01368421
991,0.01368421
992,0.01368421
993,0.01368421
994,0.01368421
995,0.01368421
996,0.01368421
997,0.01368421
998,0.01368421
999,0.01357895
1000,0.01336842
1001,0.01305263
1002,0.01305263
1003,0.01315789
1004,0.01326316
1005,0.01336842
1006,0.01273684
1007,0.01326316
1008,0.01294737
1009,0.01231579
1010,0.01252632
1011,0.01231579
1012,0.01136842
1013,0.01157895
1014,0.01147368
1015,0.01063158
1016,0.01042105
1017,0.01010526
1018,0.01010526
1019,0.01000000
1020,0.00989474
1021,0.00968421
1022,0.00957895
1023,0.00947368
1024,0.00947368
1025,0.00947368
1026,0.00947368
1027,0.00947368
1028,0.00947368
1029,0.00947368
1030,0.00947368
1031,0.00947368
1032,0.00947368
1033,0.00947368
1034,0.00947368
1035,0.00947368
1036,0.00947368
1037,0.00947368
1038,0.00947368
1039,0.00947368
1040,0.00947368
1041,0.00947368
1042,0.00947368
1043,0.00947368
1044,0.00947368
1045,0.00947368
1046,0.00947368
1047,0.00947368
1048,0.00947368
1049,0.00947368
1050,0.00947368
1051,0.00947368
1052,0.00947368
1053,0.00947368
1054,0.00947368
1055,0.00947368
1056,0.00947368
1057,0.00947368
1058,0.00947368
1059,0.00947368
1060,0.00947368
1061,0.00947368
1062,0.00947368
1063,0.00947368
1064,0.00947368
1065,0.00947368
1066,0.00947368
1067,0.00947368
1068,0.00947368
1069,0.00947368
1070,0.00947368
1071,0.00947368
1072,0.00947368
1073,0.00947368
1074,0.00947368
1075,0.00947368
1076,0.00947368
1077,0.00947368
1078,0.00947368
1079,0.00947368
1080,0.00947368
1081,0.00947368
1082,0.00947368
1083,0.00947368
1084,0.00947368
1085,0.00947368
1086,0.00947368
1087,0.00947368
1088,0.00947368
1089,0.00947368
1090,0.00947368
1091,0.00947368
1092,0.00947368
1093,0.00947368
1094,0.00947368
1095,0.00947368
1096,0.00947368
1097,0.00947368
1098,0.00947368
1099,0.00947368
1100,0.00947368
1101,0.00936842
1102,0.00915789
1103,0.00926316
1104,0.00936842
1105,0.00947368
1106,0.00957895
1107,0.00957895
1108,0.00915789
1109,0.00915789
1110,0.00915789
1111,0.00915789
1112,0.00915789
1113,0.00915789
1114,0.00915789
1115,0.00915789
1116,0.00915789
1117,0.00915789
1118,0.00915789
1119,0.00915789
1120,0.00915789
1121,0.00915789
1122,0.00915789
1123,0.00915789
1124,0.00915789
1125,0.00915789
1126,0.00915789
1127,0.00915789
1128,0.00915789
1129,0.00915789
1130,0.00915789
1131,0.00905263
1132,0.00905263
1133,0.00905263
1134,0.00905263
1135,0.00905263
1136,0.00905263
1137,0.00905263
1138,0.00905263
1139,0.00905263
1140,0.00905263
1141,0.00905263
1142,0.00905263
1143,0.00905263
1144,0.00905263
1145,0.00905263
1146,0.00905263
1147,0.00905263
1148,0.00905263
1149,0.00905263
1150,0.00905263
1151,0.00905263
1152,0.00905263
1153,0.00905263
1154,0.00905263
1155,0.00905263
1156,0.00905263
1157,0.00905263
1158,0.00905263
1159,0.00905263
1160,0.00905263
1161,0.00905263
1162,0.00905263
1163,0.00905263
1164,0.00905263
1165,0.00905263
1166,0.00905263
1167,0.00905263
1168,0.00905263
1169,0.00905263
1170,0.00905263
1171,0.00905263
1172,0.00905263
1173,0.00905263
1174,0.00905263
1175,0.00905263
1176,0.00905263
1177,0.00905263
1178,0.00905263
1179,0.00905263
1180,0.00905263
1181,0.00905263
1182,0.00905263
1183,0.00905263
1184,0.00905263
1185,0.00905263
1186,0.00905263
1187,0.00905263
1188,0.00905263
1189,0.00905263
1190,0.00905263
1191,0.00905263
1192,0.00905263
1193,0.00905263
1194,0.00905263
1195,0.00905263
1196,0.00905263
1197,0.00905263
1198,0.00905263
1199,0.00905263
1200,0.00905263
1201,0.00905263
1202,0.00905263
1203,0.00905263
1204,0.00905263
1205,0.00905263
1206,0.00905263
1207,0.00905263
1208,0.00905263
1209,0.00905263
1210,0.00905263
1211,0.00905263
1212,0.00905263
1213,0.00905263
1214,0.00905263
1215,0.00905263
1216,0.00905263
1217,0.00905263
1218,0.00905263
1219,0.00905263
1220,0.00905263
1221,0.00905263
1222,0.00905263
1223,0.00905263
1224,0.00905263
1225,0.00905263
1226,0.00905263
1227,0.00905263
1228,0.00905263
1229,0.00905263
1230,0.00905263
1231,0.00905263
1232,0.00905263
1233,0.00905263
1234,0.00905263
1235,0.00905263
1236,0.00905263
1237,0.00905263
1238,0.00905263
1239,0.00905263
1240,0.00905263
1241,0.00905263
1242,0.00905263
1243,0.00905263
1244,0.00905263
1245,0.00905263
1246,0.00905263
1247,0.00905263
1248,0.00905263
1249,0.00905263
1250,0.00905263
1251,0.00905263
1252,0.00905263
1253,0.00905263
1254,0.00905263
1255,0.00905263
1256,0.00905263
1257,0.00905263
1258,0.00894737
1259,0.00894737
1260,0.00894737
1261,0.00894737
1262,0.00894737
1263,0.00894737
1264,0.00894737
1265,0.00894737
1266,0.00894737
1267,0.00894737
1268,0.00894737
1269,0.00894737
1270,0.00894737
1271,0.00894737
1272,0.00894737
1273,0.00894737
1274,0.00894737
1275,0.00894737
1276,0.00894737
1277,0.00894737
1278,0.00894737
1279,0.00894737
1280,0.00894737
1281,0.00894737
1282,0.00894737
1283,0.00894737
1284,0.00894737
1285,0.00894737
1286,0.00894737
1287,0.00894737
1288,0.00894737
1289,0.00894737
1290,0.00894737
1291,0.00894737
1292,0.00894737
1293,0.00894737
1294,0.00894737
1295,0.00894737
1296,0.00894737
1297,0.00894737
1298,0.00894737
1299,0.00894737
1300,0.00894737
1301,0.00894737
1302,0.00894737
1303,0.00894737
1304,0.00894737
1305,0.00894737
1306,0.00894737
1307,0.00894737
1308,0.00894737
1309,0.00894737
1310,0.00894737
1311,0.00894737
1312,0.00894737
1313,0.00894737
1314,0.00894737
1315,0.00894737
1316,0.00894737
1317,0.00894737
1318,0.00894737
1319,0.00894737
1320,0.00894737
1321,0.00894737
1322,0.00894737
1323,0.00894737
1324,0.00894737
1325,0.00894737
1326,0.00894737
1327,0.00894737
1328,0.00894737
1329,0.00894737
1330,0.00894737
1331,0.00894737
1332,0.00894737
1333,0.00894737
1334,0.00894737
1335,0.00894737
1336,0.00894737
1337,0.00894737
1338,0.00894737
1339,0.00894737
1340,0.00894737
1341,0.00894737
1342,0.00894737
1343,0.00894737
1344,0.00894737
1345,0.00894737
1346,0.00894737
1347,0.00894737
1348,0.00894737
1349,0.00894737
1350,0.00894737
1351,0.00894737
1352,0.00894737
1353,0.00894737
1354,0.00894737
1355,0.00894737
1356,0.00894737
1357,0.00894737
1358,0.00894737
1359,0.00894737
1360,0.00894737
1361,0.00894737
1362,0.00894737
1363,0.00894737
1364,0.00894737
1365,0.00894737
1366,0.00894737
1367,0.00894737
1368,0.00894737
1369,0.00894737
1370,0.00894737
1371,0.00894737
1372,0.00894737
1373,0.00894737
1374,0.00894737
1375,0.00894737
1376,0.00894737
1377,0.00894737
1378,0.00894737
1379,0.00894737
1380,0.00894737
1381,0.00894737
1382,0.00894737
1383,0.00894737
1384,0.00894737
1385,0.00894737
1386,0.00894737
1387,0.00894737
1388,0.00894737
1389,0.00894737
1390,0.00894737
1391,0.00894737
1392,0.00894737
1393,0.00894737
1394,0.00894737
1395,0.00894737
1396,0.00894737
1397,0.00894737
1398,0.00894737
1399,0.00894737
1400,0.00894737
1401,0.00894737
1402,0.00894737
1403,0.00894737
1404,0.00894737
1405,0.00894737
1406,0.00894737
1407,0.00894737
1408,0.00894737
1409,0.00894737
1410,0.00894737
1411,0.00894737
1412,0.00894737
1413,0.00894737
1414,0.00894737
1415,0.00894737
1416,0.00894737
1417,0.00894737
1418,0.00894737
1419,0.00894737
1420,0.00894737
1421,0.00894737
1422,0.00894737
1423,0.00894737
1424,0.00894737
1425,0.00894737
1426,0.00894737
1427,0.00894737
1428,0.00894737
1429,0.00894737
1430,0.00894737
1431,0.00894737
1432,0.00894737
1433,0.00894737
1434,0.00894737
1435,0.00894737
1436,0.00894737
1437,0.00894737
1438,0.00894737
1439,0.00894737
1440,0.00894737
1441,0.00894737
1442,0.00894737
1443,0.00894737
1444,0.00894737
1445,0.00894737
1446,0.00894737
1447,0.00894737
1448,0.00894737
1449,0.00894737
1450,0.00894737
1451,0.00894737
1452,0.00894737
1453,0.00894737
1454,0.00894737
1455,0.00894737
1456,0.00894737
1457,0.00894737
1458,0.00894737
1459,0.00894737
1460,0.00894737
1461,0.00894737
1462,0.00894737
1463,0.00894737
1464,0.00894737
1465,0.00894737
1466,0.00894737
1467,0.00894737
1468,0.00894737
1469,0.00894737
1470,0.00894737
1471,0.00894737
1472,0.00894737
1473,0.00894737
1474,0.00894737
1475,0.00894737
1476,0.00894737
1477,0.00894737
1478,0.00894737
1479,0.00894737
1480,0.00894737
1481,0.00894737
1482,0.00894737
1483,0.00894737
1484,0.00894737
1485,0.00894737
1486,0.00894737
1487,0.00894737
1488,0.00894737
1489,0.00894737
1490,0.00894737
1491,0.00894737
1492,0.00894737
1493,0.00894737
1494,0.00894737
1495,0.00894737
1496,0.00894737
1497,0.00894737
1498,0.00894737
1499,0.00894737
1500,0.00894737
1501,0.00894737
1502,0.00894737
1503,0.00894737
1504,0.00894737
1505,0.00894737
1506,0.00894737
1507,0.00894737
1508,0.00894737
1509,0.00894737
1510,0.00894737
1511,0.00894737
1512,0.00894737
1513,0.00894737
1514,0.00894737
1515,0.00894737
1516,0.00894737
1517,0.00894737
1518,0.00894737
1519,0.00894737
1520,0.00894737
1521,0.00894737
1522,0.00894737
1523,0.00894737
1524,0.00894737
1525,0.00894737
1526,0.00894737
1527,0.00894737
1528,0.00894737
1529,0.00894737
1530,0.00894737
1531,0.00894737
1532,0.00894737
1533,0.00894737
1534,0.00894737
1535,0.00894737
1536,0.00894737
1537,0.00894737
1538,0.00894737
1539,0.00894737
1540,0.00894737
1541,0.00894737
1542,0.00894737
1543,0.00894737
1544,0.00894737
1545,0.00894737
1546,0.00894737
1547,0.00894737
1548,0.00894737
1549,0.00894737
1550,0.00894737
1551,0.00894737
1552,0.00894737
1553,0.00894737
1554,0.00894737
1555,0.00894737
1556,0.00894737
1557,0.00894737
1558,0.00894737
1559,0.00894737
1560,0.00894737
1561,0.00894737
1562,0.00894737
1563,0.00894737
1564,0.00894737
1565,0.00894737
1566,0.00894737
1567,0.00894737
1568,0.00894737
1569,0.00894737
1570,0.00894737
1571,0.00894737
1572,0.00894737
1573,0.00894737
1574,0.00894737
1575,0.00894737
1576,0.00894737
1577,0.00894737
1578,0.00894737
1579,0.00884211
1580,0.00884211
1581,0.00873684
1582,0.00873684
1583,0.00873684
1584,0.00873684
1585,0.00873684
1586,0.00873684
1587,0.00873684
1588,0.00873684
1589,0.00873684
1590,0.00873684
1591,0.00863158
1592,0.00863158
1593,0.00873684
1594,0.00873684
1595,0.00863158
1596,0.00863158
1597,0.00863158
1598,0.00852632
1599,0.00863158
1600,0.00852632
