method,info_model,run,env_seed,steps_90,steps_95,steps_99,censored,success_90,overlap,final_U,final_coverage,alpha_mean,chao_version,fov_radius,obstacle_ratio,num_agents,comm_range,fusion_events,rendezvous_steps,topology,alpha_sat_frac,fallback_frac,random_walk_frac,quality_auc,time_to_quality,quality_final,coverage_auc,steps_dual,mean_bound_final,cluster_cap_hit_frac,undetermined_final,deploy_frac,orbit_frac,hybrid_ra_frac,wall_time_s
Richness-Angular,comm_limited,2,2000,,,,1,0.0,0.626259,80.444598,61.841283,,original,5.0,0.5,6,,159,157,maze,,0.52973,0.0,0.096995,,0.162883,37.380086,,0.012918,0.0,0.35076,0.0,0.0,,30.461506
Richness-Angular,comm_limited,0,0,,,,1,0.0,0.576662,122.020762,70.047907,,original,5.0,0.5,6,,476,454,maze,,0.517259,0.0,0.106532,,0.188711,39.753757,,0.013557,0.0,0.25828,0.0,0.0,,31.445098
Richness-Angular,comm_limited,1,1000,,,,1,0.0,0.588243,163.705336,68.131639,,original,5.0,0.5,6,,1529,700,maze,,0.555682,0.0,0.097958,,0.173089,38.781957,,0.013569,0.0,0.276401,0.0,0.0,,35.416768
Richness-Angular,comm_limited,3,3000,,,,1,0.0,0.579935,116.663143,69.506353,,original,5.0,0.5,6,,1522,941,maze,,0.581759,0.0,0.094652,,0.181212,36.38708,,0.013284,0.0,0.280983,0.0,0.0,,35.91084
Richness-Angular,comm_limited,4,4000,,,,1,0.0,0.558661,125.686089,73.026453,,original,5.0,0.5,6,,1012,617,maze,,0.560973,0.0,0.104676,,0.187253,42.182224,,0.013523,0.0,0.239742,0.0,0.0,,42.492908
Richness-Angular,comm_limited,5,5000,,,,1,0.0,0.596299,105.331202,66.798584,,original,5.0,0.5,6,,544,497,maze,,0.522298,0.0,0.100784,,0.177046,39.183785,,0.013169,0.0,0.291189,0.0,0.0,,43.46209
Richness-Angular,comm_limited,6,6000,,,,1,0.0,0.61002,85.834618,64.528223,,original,5.0,0.5,6,,310,310,maze,,0.539934,0.0,0.096334,,0.169965,36.954083,,0.013031,0.0,0.332431,0.0,0.0,,49.758818
Richness-Angular,comm_limited,7,7000,,,,1,0.0,0.556017,121.486971,73.463862,,original,5.0,0.5,6,,953,531,maze,,0.578483,0.0,0.114672,,0.197042,42.528012,,0.013611,0.0,0.245366,0.0,0.0,,55.736782
Richness-Angular,comm_limited,9,9000,,,,1,0.0,0.60574,156.722837,65.236409,,original,5.0,0.5,6,,333,321,maze,,0.493701,0.000126,0.095403,,0.171423,37.038737,,0.013511,0.0,0.29473,0.0,0.0,,69.549494
Richness-Angular,comm_limited,8,8000,,,,1,0.0,0.589879,106.123737,67.860862,,original,5.0,0.5,6,,1118,813,maze,,0.559587,0.0,0.100442,,0.178088,38.21552,,0.013456,0.0,0.290773,0.0,0.0,,75.321754
Richness-Angular,comm_limited,10,10000,,,,1,0.0,0.578424,87.319284,69.756301,,original,5.0,0.5,6,,108,108,maze,,0.497354,0.0,0.111964,,0.180796,43.916847,,0.013284,0.0,0.266819,0.0,0.0,,64.180094
Richness-Angular,comm_limited,11,11000,,,,1,0.0,0.579179,157.662722,69.631327,,original,5.0,0.5,6,,720,674,maze,,0.518519,0.0,0.095409,,0.178296,37.263787,,0.013591,0.0,0.264945,0.0,0.0,,65.753464
Richness-Angular,comm_limited,12,12000,,,,1,0.0,0.588243,90.184123,68.131639,,original,5.0,0.5,6,,943,474,maze,,0.542706,0.0,0.099503,,0.173714,39.469802,,0.013199,0.0,0.288482,0.0,0.0,,69.64235
Richness-Angular,comm_limited,13,13000,,,,1,0.0,0.595921,104.046243,66.861071,,original,5.0,0.5,6,,803,428,maze,,0.536659,0.0,0.102316,,0.171423,40.04811,,0.013304,0.0,0.307019,0.0,0.0,,66.031198
Richness-Angular,comm_limited,14,14000,,,,1,0.0,0.578046,137.360012,69.818788,,original,5.0,0.5,6,,499,338,maze,,0.511212,0.0,0.105267,,0.179963,41.151259,,0.01354,0.0,0.254739,0.0,0.0,,69.300912
Richness-Angular,comm_limited,15,15000,,,,1,0.0,0.570368,131.267544,71.089356,,original,5.0,0.5,6,,1212,847,maze,,0.563618,0.0,0.10504,,0.188086,40.084958,,0.013655,0.0,0.25703,0.0,0.0,,68.100677
Richness-Angular,comm_limited,17,17000,,,,1,0.0,0.583585,70.512712,68.902312,,original,5.0,0.5,6,,609,292,maze,,0.548249,0.0,0.103294,,0.179754,40.608572,,0.013299,0.0,0.290564,0.0,0.0,,64.509371
Richness-Angular,comm_limited,18,18000,,,,1,0.0,0.575906,93.478823,70.172881,,original,5.0,0.5,6,,538,432,maze,,0.51222,0.0,0.106412,,0.180379,41.545491,,0.013399,0.0,0.257238,0.0,0.0,,64.325537
Richness-Angular,comm_limited,16,16000,,,,1,0.0,0.574648,126.630284,70.381171,,original,5.0,0.5,6,,691,469,maze,,0.556185,0.0,0.101185,,0.187878,37.791313,,0.013746,0.0,0.252447,0.0,0.0,,72.060861
Richness-Angular,comm_limited,19,19000,,,,1,0.0,0.619965,89.467742,62.882733,,original,5.0,0.5,6,,852,564,maze,,0.560847,0.0,0.089935,,0.163508,35.117109,,0.012934,0.0,0.341804,0.0,0.0,,69.637082
Richness-Angular,comm_limited,20,20000,,,,1,0.0,0.605237,123.916718,65.319725,,original,5.0,0.5,6,,1107,659,maze,,0.568783,0.0,0.096899,,0.166632,38.37025,,0.013243,0.0,0.316392,0.0,0.0,,71.493977
Richness-Angular,comm_limited,22,22000,,,,1,0.0,0.655841,104.253545,56.946469,,original,5.0,0.5,6,,1321,931,maze,,0.600907,0.0,0.093789,,0.148094,36.248306,,0.012662,0.0,0.404291,0.0,0.0,,72.576085
Richness-Angular,comm_limited,21,21000,,,,1,0.0,0.651309,99.140825,57.696313,,original,5.0,0.5,6,,2029,956,maze,,0.603804,0.0,0.091311,,0.149552,35.572285,,0.012905,0.0,0.398042,0.0,0.0,,89.721047
Richness-Angular,comm_limited,23,23000,,,,1,0.0,0.58283,116.827847,69.027286,,original,5.0,0.5,6,,1336,564,maze,,0.589569,0.0,0.100774,,0.177255,38.959193,,0.013439,0.0,0.28869,0.0,0.0,,83.755443
Richness-Angular,comm_limited,25,25000,,,,1,0.0,0.562059,156.991931,72.46407,,original,5.0,0.5,6,,652,313,maze,,0.523432,0.0,0.110203,,0.191835,41.550167,,0.013838,0.0,0.240575,0.0,0.0,,67.596799
Richness-Angular,comm_limited,24,24000,,,,1,0.0,0.64149,94.05539,59.320975,,original,5.0,0.5,6,,2491,1061,maze,,0.597254,0.0,0.089921,,0.156634,35.045577,,0.01267,0.0,0.37513,0.0,0.0,,86.480612
Richness-Angular,comm_limited,26,26000,,,,1,0.0,0.566843,111.950185,71.672568,,original,5.0,0.5,6,,300,300,maze,,0.525825,0.0,0.108273,,0.191835,40.954927,,0.013593,0.0,0.256821,0.0,0.0,,64.153035
Richness-Angular,comm_limited,27,27000,,,,1,0.0,0.558409,113.61651,73.068111,,original,5.0,0.5,6,,151,148,maze,,0.497229,0.0,0.115983,,0.198084,43.162887,,0.013816,0.0,0.220371,0.0,0.0,,64.179641
Richness-Angular,comm_limited,28,28000,,,,1,0.0,0.548716,158.926785,74.671943,,original,5.0,0.5,6,,196,196,maze,,0.488536,0.0,0.111842,,0.194751,43.64648,,0.01389,0.0,0.201833,0.0,0.0,,63.573328
Richness-Angular,comm_limited,29,29000,,,,1,0.0,0.563318,109.11943,72.25578,,original,5.0,0.5,6,,300,301,maze,,0.53036,0.0,0.104584,,0.188086,40.397676,,0.013469,0.0,0.247657,0.0,0.0,,66.998312
Richness-Angular,comm_limited,30,30000,,,,1,0.0,0.561682,128.476815,72.526557,,original,5.0,0.5,6,,872,515,maze,,0.559209,0.0,0.10633,,0.194335,39.928977,,0.013776,0.0,0.249948,0.0,0.0,,70.259898
Richness-Angular,comm_limited,31,31000,,,,1,0.0,0.516113,155.493249,80.066653,,original,5.0,0.5,6,,421,383,maze,,0.537289,0.0,0.114662,,0.210581,43.558527,,0.014167,0.0,0.163299,0.0,0.0,,65.79431
Richness-Angular,comm_limited,32,32000,,,,1,0.0,0.587236,141.068357,68.298271,,original,5.0,0.5,6,,206,206,maze,,0.50844,0.00252,0.101469,,0.179963,38.303426,,0.013512,0.0,0.272235,0.0,0.0,,66.826245
Richness-Angular,comm_limited,34,34000,,,,1,0.0,0.591893,128.002839,67.527598,,original,5.0,0.5,6,,483,446,maze,,0.523936,0.0,0.099158,,0.17663,37.551905,,0.013255,0.0,0.284316,0.0,0.0,,68.1145
Richness-Angular,comm_limited,33,33000,,,,1,0.0,0.623489,128.031338,62.299521,,original,5.0,0.5,6,,1847,784,maze,,0.573318,0.0,0.092967,,0.159758,36.09253,,0.012962,0.0,0.346386,0.0,0.0,,71.956737
Richness-Angular,comm_limited,35,35000,,,,1,0.0,0.656722,115.765689,56.800667,,original,5.0,0.5,6,,3518,905,maze,,0.62648,0.0,0.078998,,0.149969,30.315152,,0.012666,0.0,0.412831,0.0,0.0,,85.163389
Richness-Angular,comm_limited,36,36000,,,,1,0.0,0.585977,87.440456,68.506561,,original,5.0,0.5,6,,356,336,maze,,0.512724,0.0,0.09912,,0.181837,37.915216,,0.01328,0.0,0.291814,0.0,0.0,,64.128174
Richness-Angular,comm_limited,37,37000,,,,1,0.0,0.619461,82.83367,62.966049,,original,5.0,0.5,6,,525,470,maze,,0.531368,0.0,0.095785,,0.161633,37.184784,,0.012915,0.0,0.348052,0.0,0.0,,68.044852
Richness-Angular,comm_limited,38,38000,,,,1,0.0,0.576913,211.082289,70.006249,,original,5.0,0.5,6,,2169,779,maze,,0.592089,0.0,0.101111,,0.181837,40.073119,,0.013878,0.0,0.25828,0.0,0.0,,77.70139
Richness-Angular,comm_limited,39,39000,,,,1,0.0,0.611279,109.440447,64.319933,,original,5.0,0.5,6,,2225,867,maze,,0.603301,0.0,0.094666,,0.163091,37.395963,,0.013155,0.0,0.335555,0.0,0.0,,70.725131
