method,info_model,run,env_seed,steps_90,steps_95,steps_99,censored,success_90,overlap,final_U,final_coverage,alpha_mean,chao_version,fov_radius,obstacle_ratio,num_agents,comm_range,fusion_events,rendezvous_steps,alpha_sat_frac,fallback_frac,random_walk_frac,quality_auc,time_to_quality,quality_final,coverage_auc,steps_dual,mean_bound_final,cluster_cap_hit_frac,undetermined_final,deploy_frac,orbit_frac,wall_time_s
Coverage-U-norm,comm_limited,2,2000,,,,1,0.0,0.471255,1502.712121,69.4375,,original,5.0,0.2,6,,621,494,,0.764571,0.0,0.893318,325,0.98025,40.638832,,0.021858,0.395422,0.016,0.0,0.0,68.62612
Coverage-U-norm,comm_limited,1,1000,,,,1,0.0,0.473158,1857.317927,69.1875,,original,5.0,0.2,6,,866,654,,0.780095,0.0,0.875929,350,0.96675,39.430368,,0.02624,0.381642,0.02725,0.0,0.0,69.09749
Coverage-U-norm,comm_limited,0,0,,,,1,0.0,0.471921,1823.893078,69.35,,original,5.0,0.2,6,,931,712,,0.716381,0.0,0.813855,1525,0.953,37.388436,,0.02164,0.357859,0.0445,0.0,0.0,70.04643
Coverage-U-norm,comm_limited,3,3000,,,,1,0.0,0.467923,1982.252548,69.875,,original,5.0,0.2,6,,1117,729,,0.7,0.0,0.884036,500,0.9825,37.9867,,0.018681,0.343406,0.012,0.0,0.0,74.159206
Coverage-U-norm,comm_limited,4,4000,,,,1,0.0,0.485913,2520.732066,67.5125,,original,5.0,0.2,6,,778,658,,0.718476,0.0,0.864187,450,0.976875,36.508146,,0.029426,0.367294,0.018,0.0,0.0,69.567779
Coverage-U-norm,comm_limited,5,5000,,,,1,0.0,0.50495,1358.81538,65.0125,,original,5.0,0.2,6,,591,549,,0.684,0.0,0.889738,350,0.992375,40.813954,,0.01836,0.34216,0.0045,0.0,0.0,69.213469
Coverage-U-norm,comm_limited,6,6000,,,,1,0.0,0.498953,1046.62751,65.8,,original,5.0,0.2,6,,1015,730,,0.767429,0.0,0.864071,325,0.952,39.051907,,0.028217,0.360582,0.04125,0.0,0.0,73.155253
Coverage-U-norm,comm_limited,7,7000,,,,1,0.0,0.522463,2139.847861,62.7125,,original,5.0,0.2,6,,764,610,,0.74219,0.0,0.846106,575,0.964625,39.766054,,0.021746,0.372654,0.03175,0.0,0.0,70.557599
Coverage-U-norm,comm_limited,9,9000,,,,1,0.0,0.499143,1257.569475,65.775,,original,5.0,0.2,6,,1009,734,,0.754952,0.0,0.759302,,0.8925,36.807514,,0.021419,0.375939,0.096375,0.0,0.0,69.350643
Coverage-U-norm,comm_limited,8,8000,,,,1,0.0,0.510946,1125.066185,64.225,,original,5.0,0.2,6,,618,455,,0.636762,0.0,0.847753,825,0.986375,36.816471,,0.024044,0.331213,0.003,0.0,0.0,69.980282
Coverage-U-norm,comm_limited,10,10000,,,,1,0.0,0.411289,1815.0,77.3125,,original,5.0,0.2,6,,1395,906,,0.767524,0.0,0.879012,350,0.99125,41.724068,,0.020266,0.368084,0.006125,0.0,0.0,76.364003
Coverage-U-norm,comm_limited,11,11000,,,,1,0.0,0.463449,2283.453237,70.4625,,original,5.0,0.2,6,,1468,903,,0.824476,0.0,0.83904,1450,0.921125,40.768354,,0.025869,0.417069,0.071,0.0,0.0,76.003887
Coverage-U-norm,comm_limited,12,12000,,,,1,0.0,0.447459,2195.0,72.5625,,original,5.0,0.2,6,,1251,774,,0.785143,0.0,0.85623,425,0.9615,40.242239,,0.019826,0.385864,0.035125,0.0,0.0,73.779944
Coverage-U-norm,comm_limited,13,13000,,,,1,0.0,0.438226,2098.0,73.775,,original,5.0,0.2,6,,1209,866,,0.767238,0.0,0.890397,450,0.991125,42.450164,,0.016776,0.381676,0.001375,0.0,0.0,73.578864
Coverage-U-norm,comm_limited,14,14000,,,,1,0.0,0.466495,1521.207723,70.0625,,original,5.0,0.2,6,,1060,790,,0.781429,0.0,0.851871,1050,0.964125,40.870325,,0.029172,0.379161,0.029,0.0,0.0,72.058276
Coverage-U-norm,comm_limited,15,15000,,,,1,0.0,0.400057,1697.0,78.7875,,original,5.0,0.2,6,,1280,904,,0.78019,0.0,0.801146,1525,0.9895,41.736868,,0.017341,0.387644,0.0045,0.0,0.0,74.316889
Coverage-U-norm,comm_limited,16,16000,,,,1,0.0,0.411479,1817.0,77.2875,,original,5.0,0.2,6,,661,512,,0.784,0.0,0.879304,725,0.997375,44.762754,,0.017428,0.395289,0.000375,0.0,0.0,67.824384
Coverage-U-norm,comm_limited,17,17000,,,,1,0.0,0.417666,1882.0,76.475,,original,5.0,0.2,6,,1183,663,,0.715429,0.0,0.873721,700,0.986,41.776243,,0.017988,0.365634,0.007,0.0,0.0,79.056925
Coverage-U-norm,comm_limited,18,18000,,,,1,0.0,0.436227,2077.0,74.0375,,original,5.0,0.2,6,,996,712,,0.77219,0.0,0.840467,1175,0.995625,41.575668,,0.016823,0.384903,0.0005,0.0,0.0,72.804682
Coverage-U-norm,comm_limited,19,19000,,,,1,0.0,0.444698,2166.0,72.925,,original,5.0,0.2,6,,921,772,,0.754952,0.0,0.893521,375,0.984125,41.23905,,0.019131,0.373539,0.01125,0.0,0.0,72.986611
Coverage-U-norm,comm_limited,20,20000,,,,1,0.0,0.495907,1852.578608,66.2,,original,5.0,0.2,6,,894,704,,0.768952,0.0,0.891617,375,0.982875,41.830271,,0.025821,0.381699,0.01275,0.0,0.0,62.012723
Coverage-U-norm,comm_limited,21,21000,,,,1,0.0,0.497716,1416.082666,65.9625,,original,5.0,0.2,6,,564,443,,0.641905,0.0,0.88407,550,0.9965,35.257975,,0.017461,0.32756,0.0005,0.0,0.0,62.985118
Coverage-U-norm,comm_limited,22,22000,,,,1,0.0,0.493813,2172.175748,66.475,,original,5.0,0.2,6,,797,633,,0.737048,0.0,0.894838,325,0.966375,39.853679,,0.028399,0.374875,0.025,0.0,0.0,62.281486
Coverage-U-norm,comm_limited,23,23000,,,,1,0.0,0.451361,1627.37387,72.05,,original,5.0,0.2,6,,515,475,,0.790476,0.0,0.751557,1575,0.989,39.562329,,0.020399,0.402839,0.00525,0.0,0.0,60.256233
Coverage-U-norm,comm_limited,24,24000,,,,1,0.0,0.476014,2139.718827,68.8125,,original,5.0,0.2,6,,1272,882,,0.724571,0.0,0.785486,1400,0.9295,36.180089,,0.027943,0.364045,0.05275,0.0,0.0,65.596074
Coverage-U-norm,comm_limited,25,25000,,,,1,0.0,0.49229,1353.688529,66.675,,original,5.0,0.2,6,,943,612,,0.795333,0.0,0.830997,1050,0.979875,39.5307,,0.029295,0.390766,0.016,0.0,0.0,67.423319
Coverage-U-norm,comm_limited,27,27000,,,,1,0.0,0.425471,1964.0,75.45,,original,5.0,0.2,6,,779,703,,0.765333,0.0,0.846297,975,0.997875,42.558643,,0.015183,0.373044,0.00175,0.0,0.0,65.600176
Coverage-U-norm,comm_limited,26,26000,,,,1,0.0,0.51047,1052.414067,64.2875,,original,5.0,0.2,6,,1014,749,,0.765429,0.0,0.813987,1225,0.972375,36.310296,,0.024808,0.370368,0.018625,0.0,0.0,67.203963
Coverage-U-norm,comm_limited,28,28000,,,,1,0.0,0.43537,2068.0,74.15,,original,5.0,0.2,6,,891,697,,0.727048,0.0,0.875188,425,0.979125,41.314564,,0.018549,0.357219,0.017875,0.0,0.0,68.182207
Coverage-U-norm,comm_limited,29,29000,,,,1,0.0,0.466686,2389.489867,70.0375,,original,5.0,0.2,6,,790,701,,0.733333,0.0,0.900697,375,0.980875,39.658639,,0.01917,0.367542,0.01825,0.0,0.0,66.269011
Coverage-U-norm,comm_limited,31,31000,,,,1,0.0,0.42214,1929.0,75.8875,,original,5.0,0.2,6,,934,728,,0.798857,0.0,0.868344,650,0.979125,43.025196,,0.021383,0.397194,0.016875,0.0,0.0,67.856731
Coverage-U-norm,comm_limited,30,30000,,,,1,0.0,0.417285,1878.0,76.525,,original,5.0,0.2,6,,1476,967,,0.759333,0.0,0.802662,1550,0.941625,39.040729,,0.023028,0.367969,0.052625,0.0,0.0,73.832283
Coverage-U-norm,comm_limited,32,32000,,,,1,0.0,0.476394,1878.100987,68.7625,,original,5.0,0.2,6,,790,632,,0.679619,0.0,0.912357,375,0.999,40.083275,,0.017344,0.337474,0.0,0.0,0.0,67.722599
Coverage-U-norm,comm_limited,33,33000,,,,1,0.0,0.513326,1791.990365,63.9125,,original,5.0,0.2,6,,1058,792,,0.645714,0.0,0.850887,625,0.992125,33.983754,,0.020468,0.324222,0.001875,0.0,0.0,70.730631
Coverage-U-norm,comm_limited,34,34000,,,,1,0.0,0.519703,1304.775176,63.075,,original,5.0,0.2,6,,1523,1073,,0.797143,0.0,0.840523,1050,0.95,38.255664,,0.030808,0.386374,0.04125,0.0,0.0,69.349913
Coverage-U-norm,comm_limited,35,35000,,,,1,0.0,0.492956,1494.499146,66.5875,,original,5.0,0.2,6,,746,542,,0.639429,0.0,0.87389,450,0.981375,35.758546,,0.01959,0.326343,0.012375,0.0,0.0,71.055107
Coverage-U-norm,comm_limited,36,36000,,,,1,0.0,0.443651,2061.111829,73.0625,,original,5.0,0.2,6,,996,763,,0.749333,0.0,0.899006,325,0.988625,44.125732,,0.018624,0.385295,0.0035,0.0,0.0,67.003121
Coverage-U-norm,comm_limited,38,38000,,,,1,0.0,0.522368,1428.39813,62.725,,original,5.0,0.2,6,,810,628,,0.718667,0.0,0.892571,425,0.978125,39.535964,,0.025175,0.359217,0.017,0.0,0.0,65.365181
Coverage-U-norm,comm_limited,37,37000,,,,1,0.0,0.433276,2046.0,74.425,,original,5.0,0.2,6,,1084,787,,0.724,0.0,0.828261,1100,0.97975,38.994114,,0.021789,0.369475,0.016125,0.0,0.0,68.987707
Coverage-U-norm,comm_limited,39,39000,,,,1,0.0,0.513897,1106.550777,63.8375,,original,5.0,0.2,6,,903,680,,0.813524,0.0,0.824298,,0.899,40.199904,,0.018941,0.399394,0.096875,0.0,0.0,63.556922
