method,info_model,run,env_seed,steps_90,steps_95,steps_99,censored,success_90,overlap,final_U,final_coverage,alpha_mean,chao_version,fov_radius,obstacle_ratio,num_agents,comm_range,fusion_events,rendezvous_steps,topology,maze_loop_density,alpha_sat_frac,fallback_frac,random_walk_frac,quality_auc,time_to_quality,quality_final,coverage_auc,steps_dual,mean_bound_final,cluster_cap_hit_frac,undetermined_final,deploy_frac,orbit_frac,hybrid_ra_frac,wall_time_s
Coverage-U,comm_limited,1,1000,,,,1,0.0,0.301686,2792.0,70.610526,,original,5.0,0.05,6,,666,569,random,0.0,,0.663542,0.0,0.874265,475,0.990737,37.042382,,0.01589,0.493802,0.008316,0.0,0.0,,35.706386
Coverage-U,comm_limited,2,2000,,,,1,0.0,0.334791,3110.0,67.263158,,original,5.0,0.05,6,,897,709,random,0.0,,0.758542,0.0,0.899138,375,0.992421,37.474447,,0.020304,0.525043,0.003368,0.0,0.0,,36.08255
Coverage-U,comm_limited,3,3000,,,,1,0.0,0.264626,2436.0,74.357895,,original,5.0,0.05,6,,1543,796,random,0.0,,0.788854,0.0,0.863674,550,0.957684,40.059434,,0.019785,0.535269,0.036842,0.0,0.0,,42.999505
Coverage-U,comm_limited,0,0,,,,1,0.0,0.330627,3070.0,67.684211,,original,5.0,0.05,6,,1510,814,random,0.0,,0.755833,0.0,0.887799,400,0.984526,38.378461,,0.019554,0.519506,0.009684,0.0,0.0,,43.146288
Coverage-U,comm_limited,5,5000,,,,1,0.0,0.331668,3080.0,67.578947,,original,5.0,0.05,6,,950,794,random,0.0,,0.774479,0.0,0.85909,425,0.987474,34.757757,,0.024892,0.54122,0.009368,0.0,0.0,,36.687014
Coverage-U,comm_limited,6,6000,,,,1,0.0,0.353009,3285.0,65.421053,,original,5.0,0.05,6,,420,352,random,0.0,,0.693646,0.0,0.893098,425,0.997368,37.239339,,0.015755,0.486298,0.001053,0.0,0.0,,33.411993
Coverage-U,comm_limited,7,7000,,,,1,0.0,0.408495,2582.998564,59.810526,,original,5.0,0.05,6,,385,272,random,0.0,,0.712292,0.0,0.91566,275,0.998947,36.606237,,0.015388,0.514554,0.0,0.0,0.0,,34.185346
Coverage-U,comm_limited,4,4000,,,,1,0.0,0.33021,3066.0,67.726316,,original,5.0,0.05,6,,1542,1046,random,0.0,,0.717292,0.0,0.908036,400,0.992211,38.989066,,0.01896,0.51804,0.003789,0.0,0.0,,42.04768
Coverage-U,comm_limited,8,8000,,,,1,0.0,0.364356,3053.75625,64.273684,,original,5.0,0.05,6,,849,633,random,0.0,,0.791875,0.0,0.891981,300,0.991895,36.822178,,0.021585,0.551848,0.0,0.0,0.0,,37.474119
Coverage-U,comm_limited,11,11000,,,,1,0.0,0.373829,2451.526573,63.315789,,original,5.0,0.05,6,,731,542,random,0.0,,0.710313,0.0,0.880247,375,0.989895,34.209687,,0.017938,0.511923,0.005053,0.0,0.0,,37.734326
Coverage-U,comm_limited,9,9000,,,,1,0.0,0.399021,3727.0,60.768421,,original,5.0,0.05,6,,928,599,random,0.0,,0.728229,0.0,0.847257,575,0.949263,32.516793,,0.019158,0.50205,0.043789,0.0,0.0,,39.095786
Coverage-U,comm_limited,10,10000,,,,1,0.0,0.235166,2153.0,77.336842,,original,5.0,0.05,6,,1333,863,random,0.0,,0.782813,0.0,0.867674,450,0.989158,40.396734,,0.014468,0.529574,0.010211,0.0,0.0,,40.596021
Coverage-U,comm_limited,12,12000,,,,1,0.0,0.304705,2821.0,70.305263,,original,5.0,0.05,6,,870,730,random,0.0,,0.804375,0.0,0.82381,1150,0.997158,38.860352,,0.01887,0.545489,0.000947,0.0,0.0,,35.852577
Coverage-U,comm_limited,13,13000,,,,1,0.0,0.331668,3080.0,67.578947,,original,5.0,0.05,6,,540,531,random,0.0,,0.760417,0.0,0.898521,325,0.985789,37.229322,,0.019595,0.538657,0.008947,0.0,0.0,,34.850387
Coverage-U,comm_limited,14,14000,,,,1,0.0,0.375286,3478.010315,63.168421,,original,5.0,0.05,6,,741,574,random,0.0,,0.685625,0.0,0.845267,550,0.991895,32.62847,,0.019728,0.48561,0.003368,0.0,0.0,,37.253974
Coverage-U,comm_limited,15,15000,,,,1,0.0,0.339371,3154.0,66.8,,original,5.0,0.05,6,,789,692,random,0.0,,0.825104,0.0,0.835846,1000,0.977579,36.801526,,0.030071,0.588172,0.013789,0.0,0.0,,36.140878
Coverage-U,comm_limited,16,16000,,,,1,0.0,0.205809,1871.0,80.305263,,original,5.0,0.05,6,,1360,823,random,0.0,,0.758542,0.0,0.894981,350,0.997789,40.820865,,0.015967,0.522777,0.001158,0.0,0.0,,43.213706
Coverage-U,comm_limited,18,18000,,,,1,0.0,0.391734,3406.986938,61.505263,,original,5.0,0.05,6,,706,497,random,0.0,,0.772396,0.0,0.90676,250,0.982316,34.601398,,0.018307,0.537772,0.011789,0.0,0.0,,36.792901
Coverage-U,comm_limited,17,17000,,,,1,0.0,0.377993,3129.174792,62.894737,,original,5.0,0.05,6,,1034,712,random,0.0,,0.826146,0.0,0.824525,1250,0.962316,35.784234,,0.025763,0.568043,0.027368,0.0,0.0,,39.818314
Coverage-U,comm_limited,19,19000,,,,1,0.0,0.2741,2527.0,73.4,,original,5.0,0.05,6,,1116,805,random,0.0,,0.7425,0.0,0.873076,400,0.997474,37.661273,,0.015287,0.513589,0.000421,0.0,0.0,,38.787173
Coverage-U,comm_limited,21,21000,,,,1,0.0,0.371851,2775.915276,63.515789,,original,5.0,0.05,6,,674,610,random,0.0,,0.749792,0.0,0.807734,1325,0.914632,34.59475,,0.019937,0.542876,0.080842,0.0,0.0,,35.605712
Coverage-U,comm_limited,22,22000,,,,1,0.0,0.235894,2160.0,77.263158,,original,5.0,0.05,6,,963,655,random,0.0,,0.738854,0.0,0.903775,375,0.999789,40.324112,,0.012764,0.514134,0.0,0.0,0.0,,39.721162
Coverage-U,comm_limited,20,20000,,,,1,0.0,0.310223,2874.0,69.747368,,original,5.0,0.05,6,,1417,878,random,0.0,,0.709688,0.0,0.853173,550,0.98,35.620934,,0.01779,0.498861,0.017368,0.0,0.0,,42.816705
Coverage-U,comm_limited,23,23000,,,,1,0.0,0.357693,3330.0,64.947368,,original,5.0,0.05,6,,948,575,random,0.0,,0.752188,0.0,0.882788,500,0.994947,37.919757,,0.019021,0.5347,0.001895,0.0,0.0,,40.256891
Coverage-U,comm_limited,24,24000,,,,1,0.0,0.346554,3223.0,66.073684,,original,5.0,0.05,6,,1136,791,random,0.0,,0.656146,0.0,0.884855,375,0.984,35.195556,,0.016907,0.47488,0.009684,0.0,0.0,,42.302312
Coverage-U,comm_limited,25,25000,,,,1,0.0,0.321882,2986.0,68.568421,,original,5.0,0.05,6,,895,701,random,0.0,,0.782604,0.0,0.706502,1025,0.991895,35.229974,,0.02062,0.555713,0.001368,0.0,0.0,,37.672197
Coverage-U,comm_limited,27,27000,,,,1,0.0,0.322299,2990.0,68.526316,,original,5.0,0.05,6,,933,669,random,0.0,,0.727396,0.0,0.885351,500,0.987684,36.748855,,0.018792,0.519331,0.007579,0.0,0.0,,38.751229
Coverage-U,comm_limited,26,26000,,,,1,0.0,0.285447,2636.0,72.252632,,original,5.0,0.05,6,,1334,657,random,0.0,,0.705417,0.0,0.899289,375,0.996105,38.522592,,0.016473,0.513947,0.0,0.0,0.0,,45.092101
Coverage-U,comm_limited,28,28000,,,,1,0.0,0.374974,1978.255119,63.2,,original,5.0,0.05,6,,679,611,random,0.0,,0.78,0.0,0.870805,425,0.970842,36.354539,,0.024454,0.546922,0.020211,0.0,0.0,,36.670438
Coverage-U,comm_limited,29,29000,,,,1,0.0,0.336248,3124.0,67.115789,,original,5.0,0.05,6,,937,743,random,0.0,,0.718958,0.0,0.895854,350,0.979579,35.534046,,0.024024,0.519488,0.016421,0.0,0.0,,37.811344
Coverage-U,comm_limited,30,30000,,,,1,0.0,0.338538,3146.0,66.884211,,original,5.0,0.05,6,,850,712,random,0.0,,0.761563,0.0,0.891525,275,0.972947,37.147053,,0.023499,0.539916,0.016105,0.0,0.0,,37.652812
Coverage-U,comm_limited,31,31000,,,,1,0.0,0.391943,2491.560263,61.484211,,original,5.0,0.05,6,,1132,876,random,0.0,,0.705729,0.0,0.893546,375,0.989474,35.904813,,0.019684,0.502777,0.006105,0.0,0.0,,41.429563
Coverage-U,comm_limited,33,33000,,,,1,0.0,0.295544,2733.0,71.231579,,original,5.0,0.05,6,,1115,826,random,0.0,,0.799583,0.0,0.77993,1150,0.954632,39.130687,,0.02113,0.567608,0.040526,0.0,0.0,,37.750468
Coverage-U,comm_limited,34,34000,,,,1,0.0,0.388091,2995.364222,61.873684,,original,5.0,0.05,6,,699,637,random,0.0,,0.745729,0.0,0.881752,575,0.994947,36.473368,,0.017195,0.540342,0.001895,0.0,0.0,,35.745189
Coverage-U,comm_limited,32,32000,,,,1,0.0,0.359775,2940.970531,64.736842,,original,5.0,0.05,6,,1542,963,random,0.0,,0.823229,0.0,0.795266,1275,0.933789,34.102776,,0.022285,0.55953,0.056947,0.0,0.0,,42.462513
Coverage-U,comm_limited,35,35000,,,,1,0.0,0.338122,3142.0,66.926316,,original,5.0,0.05,6,,766,639,random,0.0,,0.775208,0.0,0.793748,1350,0.977368,34.828954,,0.021603,0.545643,0.016421,0.0,0.0,,35.483529
Coverage-U,comm_limited,36,36000,,,,1,0.0,0.338226,3143.0,66.915789,,original,5.0,0.05,6,,721,589,random,0.0,,0.739896,0.0,0.865844,400,0.994737,37.208056,,0.017889,0.5202,0.0,0.0,0.0,,37.341849
Coverage-U,comm_limited,38,38000,,,,1,0.0,0.384239,2803.846154,62.263158,,original,5.0,0.05,6,,696,632,random,0.0,,0.70875,0.0,0.885277,400,0.998421,35.972661,,0.015007,0.490477,0.000316,0.0,0.0,,35.874302
Coverage-U,comm_limited,37,37000,,,,1,0.0,0.340204,3162.0,66.715789,,original,5.0,0.05,6,,1078,612,random,0.0,,0.771354,0.0,0.827279,625,0.991895,37.56152,,0.022009,0.540737,0.004421,0.0,0.0,,39.998196
Coverage-U,comm_limited,39,39000,,,,1,0.0,0.32792,3044.0,67.957895,,original,5.0,0.05,6,,988,710,random,0.0,,0.735104,0.0,0.872012,400,0.995368,37.264257,,0.017996,0.508429,0.000211,0.0,0.0,,36.363223
